<!DOCTYPE html>
<html
    data-wf-domain="webflow-1-fc52cb.webflow.io"
    data-wf-page="5f160e00c11eb93e57597bec"
    data-wf-site="5f160e0054edbedd36d0a3c0"
    data-wf-status="1"
    class="w-mod-js wf-gothica1-n3-inactive wf-gothica1-n4-inactive wf-gothica1-n5-inactive wf-gothica1-n6-inactive wf-gothica1-n7-inactive wf-gothica1-n8-inactive wf-inactive w-mod-ix"
>
    <head><base >
        <meta http-equiv="Content-Type" content="text/html; charset=UTF-8" />
        <title>Landing page template - Webflow HTML website template</title>
        <meta content="width=device-width, initial-scale=1" name="viewport" />
        <meta content="Webflow" name="generator" />
        <link href="../../richard/index_files/webflow-1-fc52cb.webflow.c2399bac2.css" rel="stylesheet" type="text/css" />
        <script src="../../richard/index_files/webfont.js" type="text/javascript"></script>
        <script type="text/javascript">
            WebFont.load({ google: { families: ["Gothic A1:300,regular,500,600,700,800"] } });
        </script>
        <!--[if lt IE 9]><script src="../../../../https@cdnjs.cloudflare.com/ajax/libs/html5shiv/3.7.3/html5shiv.min.js" type="text/javascript"></script><![endif]-->
        <script type="text/javascript">
            !(function (o, c) {
                var n = c.documentElement,
                    t = " w-mod-";
                (n.className += t + "js"), ("ontouchstart" in o || (o.DocumentTouch && c instanceof DocumentTouch)) && (n.className += t + "touch");
            })(window, document);
        </script>
        <link href="../../../../https@uploads-ssl.webflow.com/img/favicon.ico" rel="shortcut icon" type="image/x-icon" />
        <link href="../../../../https@uploads-ssl.webflow.com/img/webclip.png" rel="apple-touch-icon" />
    </head>
    <body class="body">
        <div class="hero">
            <div data-collapse="medium" data-animation="default" data-duration="400" data-doc-height="1" role="banner" class="nav w-nav">
                <div class="nav-inner">
                    <div class="nav-logo-wrap">
                        <!-- <a href="#" onclick="document.location.hash='';return false;" class="brand w-nav-brand"><img src="./index_files/5f160e00c11eb9e193597bfc_logo-white.png" width="120" alt="" /></a> -->
                    </div>
                    <div class="nav-menu-wrap">
                        <nav role="navigation" class="nav-menu-2 w-nav-menu">
                            <a href="#about" onclick="document.location.hash='about';return false;" class="nav-link w-nav-link">About</a><a href="#features" onclick="document.location.hash='features';return false;" class="nav-link w-nav-link">Features</a><a href="#how-to-use" onclick="document.location.hash='how-to-use';return false;" class="nav-link w-nav-link">How to Use</a>
                            <a href="#download" onclick="document.location.hash='download';return false;" class="nav-link w-nav-link">Download</a>
                        </nav>
                        <div class="menu-button w-nav-button" style="-webkit-user-select: text;" aria-label="menu" role="button" tabindex="0" aria-controls="w-nav-overlay-0" aria-haspopup="menu" aria-expanded="false">
                            <div class="menu-icon w-icon-nav-menu"></div>
                        </div>
                    </div>
                </div>
                <div class="w-nav-overlay" data-wf-ignore="" id="w-nav-overlay-0"></div>
            </div>
        </div>
       <!--  <div class="section center">
            <img src="./index_files/5f160e00c11eb95d14597c44_arrow.svg" alt="" class="arrow" />
            <div
                data-w-id="6b220cb1-4b9c-7fb0-75b9-53ff4a6c35a2"
                style="transform: translate3d(0px, 0px, 0px) scale3d(1, 1, 1) rotateX(0deg) rotateY(0deg) rotateZ(0deg) skew(0deg, 0deg); opacity: 1; transform-style: preserve-3d;"
                class="hero-content"
            >
                <h1 class="heading-3">Momentum</h1>
                <h3 class="hero-subhead">Launch your product — and savor the momentum.</h3>
                <a href="#" onclick="document.location.hash='';return false;" class="button w-button">Get the App</a>
            </div>
            <img
                src="./index_files/5f160e00c11eb977d5597c33_img-top.png"
                srcset="https://uploads-ssl.webflow.com/5f160e0054edbedd36d0a3c0/5f160e00c11eb977d5597c33_img-top-p-500.png 500w, https://uploads-ssl.webflow.com/5f160e0054edbedd36d0a3c0/5f160e00c11eb977d5597c33_img-top.png 731w"
                sizes="(max-width: 479px) 80vw, (max-width: 991px) 70vw, 100vw"
                data-w-id="77e69727-c455-8e07-0990-833a661c94ea"
                style="transform: translate3d(0px, 0px, 0px) scale3d(1, 1, 1) rotateX(0deg) rotateY(0deg) rotateZ(0deg) skew(0deg, 0deg); opacity: 1; transform-style: preserve-3d;"
                alt=""
                class="hero-image"
            />
        </div> -->
        <div id="about" class="section wide img">
            <div
                data-w-id="b126983d-9126-fc06-c81d-1318685e2add"
                style="transform: translate3d(0px, 0px, 0px) scale3d(1, 1, 1) rotateX(0deg) rotateY(0deg) rotateZ(0deg) skew(0deg, 0deg); opacity: 1; transform-style: preserve-3d;"
                class="wrap"
            >
                <div class="title">Aenean Consectetur Porta</div>
                <h2>Nullam quis risus eget urna mollis ornare vel eu leo.</h2>
            </div>
            <div class="wrapper">
                <img
                    src="../../richard/index_files/5f160e00c11eb976ab597c1c_dash-device.png"
                    srcset="
                        ../../../../https@uploads-ssl.webflow.com/5f160e0054edbedd36d0a3c0/5f160e00c11eb976ab597c1c_dash-device-p-500.png   500w,
                        ../../../../https@uploads-ssl.webflow.com/5f160e0054edbedd36d0a3c0/5f160e00c11eb976ab597c1c_dash-device-p-800.png   800w,
                        ../../../../https@uploads-ssl.webflow.com/5f160e0054edbedd36d0a3c0/5f160e00c11eb976ab597c1c_dash-device-p-1080.png 1080w,
                        ../../../../https@uploads-ssl.webflow.com/5f160e0054edbedd36d0a3c0/5f160e00c11eb976ab597c1c_dash-device-p-1600.png 1600w,
                        ../../../../https@uploads-ssl.webflow.com/5f160e0054edbedd36d0a3c0/5f160e00c11eb976ab597c1c_dash-device.png        1903w
                    "
                    sizes="90vw"
                    alt=""
                />
            </div>
        </div>
        <div class="section">
            <div id="features" class="feature-wrap">
                <div
                    data-w-id="4593c4b7-56e8-060a-be57-648b0e08fc65"
                    style="transform: translate3d(0px, 0px, 0px) scale3d(1, 1, 1) rotateX(0deg) rotateY(0deg) rotateZ(0deg) skew(0deg, 0deg); opacity: 1; transform-style: preserve-3d;"
                    class="feature-content"
                >
                    <div class="title">Aenean Consectetur</div>
                    <h2 class="black">Cay sociis nato que penatibus et</h2>
                    <p>Lorem ipsum dolor sit amet, consectetur adipiscing elit. Suspendisse varius enim in eros elementum tristique.</p>
                </div>
                <div class="feature-image"><img src="../../richard/index_files/5f160e00c11eb9d6f6597c41_app-06.png" width="341" alt="" class="image-2" /></div>
            </div>
            <div class="feature-wrap reverse">
                <div
                    data-w-id="cafe0045-d304-79d9-8f68-af3adaed06e9"
                    style="transform: translate3d(0px, 0px, 0px) scale3d(1, 1, 1) rotateX(0deg) rotateY(0deg) rotateZ(0deg) skew(0deg, 0deg); opacity: 1; transform-style: preserve-3d;"
                    class="feature-content"
                >
                    <div class="title">ConsectUltricies</div>
                    <h2 class="black-text">Amet Ipsum</h2>
                    <p>Lorem ipsum dolor sit amet, consectetur adipiscing elit. Suspendisse varius enim in eros elementum tristique.</p>
                </div>
                <div class="feature-image">
                    <img
                        src="../../richard/index_files/5f160e00c11eb90142597c39_app-05.png"
                        width="386"
                        srcset="../../../../https@uploads-ssl.webflow.com/5f160e0054edbedd36d0a3c0/5f160e00c11eb90142597c39_app-05-p-500.png 500w, ../../../../https@uploads-ssl.webflow.com/5f160e0054edbedd36d0a3c0/5f160e00c11eb90142597c39_app-05.png 540w"
                        sizes="(max-width: 479px) 90vw, (max-width: 991px) 40vw, 25vw"
                        alt=""
                        class="image-2"
                    />
                </div>
            </div>
            <div class="feature-wrap">
                <div
                    data-w-id="88086931-0bbf-a2f5-1fc3-58d79ba19b7e"
                    style="transform: translate3d(0px, 0px, 0px) scale3d(1, 1, 1) rotateX(0deg) rotateY(0deg) rotateZ(0deg) skew(0deg, 0deg); opacity: 1; transform-style: preserve-3d;"
                    class="feature-content"
                >
                    <div class="title">Aenean Consectetur Porta</div>
                    <h2 class="black-text">Magna Porta Sit Bibendum</h2>
                    <p>Lorem ipsum dolor sit amet, consectetur adipiscing elit. Suspendisse varius enim in eros elementum tristique.</p>
                </div>
                <div class="feature-image"><img src="../../richard/index_files/5f160e00c11eb97ba6597c34_app-04.png" width="341" alt="" class="image-2" /></div>
            </div>
            <div class="feature-wrap icons">
                <div class="feature-content icons">
                    <img src="../../richard/index_files/5f160e00c11eb95248597c3a_icon-burger-magenta.svg" width="80" alt="" class="feature-icon" />
                    <h4 class="black-text">Activity Notifications</h4>
                    <p>Lorem ipsum dolor sit amet, consectetur adipiscing elit. Suspendisse varius enim in eros elementum tristique.</p>
                </div>
                <div class="feature-content icons">
                    <img src="../../richard/index_files/5f160e00c11eb93b68597c3b_icon-silverware-magenta.svg" width="74" alt="" class="feature-icon" />
                    <h4 class="black-text">Custom Timing</h4>
                    <p>Lorem ipsum dolor sit amet, consectetur adipiscing elit. Suspendisse varius enim in eros elementum tristique.</p>
                </div>
                <div class="feature-content icons">
                    <img src="../../richard/index_files/5f160e00c11eb95d3f597c3c_icon-data-magenta.svg" alt="" class="feature-icon" />
                    <h4 class="black-text">Mobile Optimized</h4>
                    <p>Lorem ipsum dolor sit amet, consectetur adipiscing elit. Suspendisse varius enim in eros elementum tristique.</p>
                </div>
            </div>
            <div class="feature-wrap icons numbers">
                <div class="feature-content icons numbers">
                    <div class="number">+12k</div>
                    <h4 class="black-text">Nibh Elit Tristique</h4>
                </div>
                <div class="feature-content icons numbers">
                    <div class="number">84</div>
                    <h4 class="black-text">Aenean Condimentum</h4>
                </div>
                <div class="feature-content icons numbers">
                    <div class="number">3,07</div>
                    <h4 class="black-text">Quam Inceptos</h4>
                </div>
                <div class="feature-content icons numbers">
                    <div class="number">24h</div>
                    <h4 class="black-text">Ullamcorper</h4>
                </div>
            </div>
            <div id="how-to-use" class="feature-wrap">
                <div
                    data-w-id="0585a81c-ee42-8b56-bc8e-bd582946320a"
                    style="transform: translate3d(0px, 0px, 0px) scale3d(1, 1, 1) rotateX(0deg) rotateY(0deg) rotateZ(0deg) skew(0deg, 0deg); opacity: 1; transform-style: preserve-3d;"
                    class="feature-content"
                >
                    <div class="title">Aenean Consectetur Porta</div>
                    <h2 class="black-text">Sem Risus Elit Vestibulum</h2>
                    <p>
                        Nulla vitae elit libero, a pharetra augue. Duis mollis, est non commodo luctus, nisi erat porttitor ligula, eget lacinia odio sem nec elit. <a href="#" onclick="document.location.hash='';return false;">Cras mattis consectetur</a> purus sit amet fermentum. Donec id
                        elit non mi porta gravida at eget metus. Etiam porta sem malesuada magna mollis euismod.
                    </p>
                </div>
                <div class="feature-image">
                    <img
                        src="../../richard/index_files/5f160e00c11eb90ec2597c29_img-003.jpg"
                        width="519"
                        srcset="
                            ../../../../https@uploads-ssl.webflow.com/5f160e0054edbedd36d0a3c0/5f160e00c11eb90ec2597c29_img-003-p-500.jpeg   500w,
                            ../../../../https@uploads-ssl.webflow.com/5f160e0054edbedd36d0a3c0/5f160e00c11eb90ec2597c29_img-003-p-1080.jpeg 1080w,
                            ../../../../https@uploads-ssl.webflow.com/5f160e0054edbedd36d0a3c0/5f160e00c11eb90ec2597c29_img-003-p-1600.jpeg 1600w,
                            ../../../../https@uploads-ssl.webflow.com/5f160e0054edbedd36d0a3c0/5f160e00c11eb90ec2597c29_img-003.jpg         1982w
                        "
                        sizes="(max-width: 479px) 90vw, (max-width: 767px) 40vw, (max-width: 991px) 45vw, 27vw"
                        alt=""
                        class="image-2"
                    />
                </div>
            </div>
            <div class="feature-wrap reverse">
                <div
                    data-w-id="d79d0682-95d0-be91-6539-b82f492963f4"
                    style="transform: translate3d(0px, 0px, 0px) scale3d(1, 1, 1) rotateX(0deg) rotateY(0deg) rotateZ(0deg) skew(0deg, 0deg); opacity: 1; transform-style: preserve-3d;"
                    class="feature-content"
                >
                    <div class="title">Aenean Consectetur Porta</div>
                    <h2 class="black-text">Parturient Tortor</h2>
                    <p>
                        Nulla vitae elit libero, a pharetra augue. Duis mollis, est non commodo luctus, nisi erat porttitor ligula, eget lacinia odio sem nec elit. <a href="#" onclick="document.location.hash='';return false;">Cras mattis consectetur</a> purus sit amet fermentum. Donec id
                        elit non mi porta gravida at eget metus. Etiam porta sem malesuada magna mollis euismod.
                    </p>
                </div>
                <div class="feature-image">
                    <img
                        src="../../richard/index_files/5f160e00c11eb906f3597c2a_img-002.jpg"
                        width="519"
                        srcset="
                            ../../../../https@uploads-ssl.webflow.com/5f160e0054edbedd36d0a3c0/5f160e00c11eb906f3597c2a_img-002-p-500.jpeg   500w,
                            ../../../../https@uploads-ssl.webflow.com/5f160e0054edbedd36d0a3c0/5f160e00c11eb906f3597c2a_img-002-p-1080.jpeg 1080w,
                            ../../../../https@uploads-ssl.webflow.com/5f160e0054edbedd36d0a3c0/5f160e00c11eb906f3597c2a_img-002-p-1600.jpeg 1600w,
                            ../../../../https@uploads-ssl.webflow.com/5f160e0054edbedd36d0a3c0/5f160e00c11eb906f3597c2a_img-002.jpg         1982w
                        "
                        sizes="(max-width: 479px) 90vw, (max-width: 767px) 40vw, (max-width: 991px) 45vw, 27vw"
                        alt=""
                        class="image-2"
                    />
                </div>
            </div>
            <div
                data-animation="slide"
                data-nav-spacing="8"
                data-duration="500"
                data-infinite="1"
                data-w-id="321c18fb-db93-7e62-3afc-4dab2862f5d4"
                style="transform: translate3d(0px, 0px, 0px) scale3d(1, 1, 1) rotateX(0deg) rotateY(0deg) rotateZ(0deg) skew(0deg, 0deg); opacity: 1; transform-style: preserve-3d;"
                class="quote-slider w-slider"
            >
                <div class="w-slider-mask">
                    <div class="w-slide" style="transform: translateX(0px); opacity: 1;">
                        <div class="quote-wrap">
                            <img src="../../richard/index_files/5f160e00c11eb92faa597c45_quotation.svg" width="58" alt="" class="quote-icon" />
                            <h3>
                                HeadNulla vitae elit libero, a pharetra augue. Duis mollis, est non commodo luctus, nisi erat porttitor ligula, eget lacinia odio sem nec elit. Pus sit amet fermentum. Donec id elit non mi porta gravida at
                                eget metus. Etiam porta sem malesuada magna mollis euismod.ing
                            </h3>
                            <div class="quote-attribution">
                                <p>Joshua Home</p>
                                <div class="quote-dash"></div>
                                <p><strong>New York Times</strong></p>
                            </div>
                        </div>
                    </div>
                    <div class="w-slide" style="transform: translateX(0px); opacity: 1;">
                        <div class="quote-wrap">
                            <img src="../../richard/index_files/5f160e00c11eb92faa597c45_quotation.svg" width="58" alt="" class="quote-icon" />
                            <h3>
                                HeadNulla vitae elit libero, a pharetra augue. Duis mollis, est non commodo luctus, nisi erat porttitor ligula, eget lacinia odio sem nec elit. Pus sit amet fermentum. Donec id elit non mi porta gravida at
                                eget metus. Etiam porta sem malesuada magna mollis euismod.ing
                            </h3>
                            <div class="quote-attribution">
                                <div class="quote-dash"></div>
                                <p>Nulla vitae elit libero, a pharetra augue.</p>
                                <p><strong>New York Times</strong></p>
                            </div>
                        </div>
                    </div>
                </div>
                <div class="left-arrow w-slider-arrow-left"><div class="slider-arrow w-icon-slider-left"></div></div>
                <div class="right-arrow w-slider-arrow-right"><div class="slider-arrow w-icon-slider-right"></div></div>
                <div class="slide-nav w-slider-nav w-slider-nav-invert w-round">
                    <div class="w-slider-dot w-active" data-wf-ignore="" style="margin-left: 8px; margin-right: 8px;"></div>
                    <div class="w-slider-dot" data-wf-ignore="" style="margin-left: 8px; margin-right: 8px;"></div>
                </div>
            </div>
            <div
                data-w-id="23f92271-dba9-fb12-00d3-758ef4d10fb2"
                style="transform: translate3d(0px, 0px, 0px) scale3d(1, 1, 1) rotateX(0deg) rotateY(0deg) rotateZ(0deg) skew(0deg, 0deg); opacity: 1; transform-style: preserve-3d;"
                class="feature-wrap logos"
            >
                <img
                    src="../../richard/index_files/5f160e00c11eb9666e597c40_logos.png"
                    srcset="
                        ../../../../https@uploads-ssl.webflow.com/5f160e0054edbedd36d0a3c0/5f160e00c11eb9666e597c40_logos-p-500.png   500w,
                        ../../../../https@uploads-ssl.webflow.com/5f160e0054edbedd36d0a3c0/5f160e00c11eb9666e597c40_logos-p-800.png   800w,
                        ../../../../https@uploads-ssl.webflow.com/5f160e0054edbedd36d0a3c0/5f160e00c11eb9666e597c40_logos-p-1080.png 1080w,
                        ../../../../https@uploads-ssl.webflow.com/5f160e0054edbedd36d0a3c0/5f160e00c11eb9666e597c40_logos-p-1600.png 1600w,
                        ../../../../https@uploads-ssl.webflow.com/5f160e0054edbedd36d0a3c0/5f160e00c11eb9666e597c40_logos.png        2720w
                    "
                    sizes="(max-width: 991px) 90vw, (max-width: 3885px) 70vw, 2720px"
                    alt=""
                />
            </div>
        </div>
        <div class="bottom-image-wrap">
            <img
                src="../../richard/index_files/5f160e00c11eb9cf4c597c31_bg-apps.jpg"
                srcset="
                    ../../../../https@uploads-ssl.webflow.com/5f160e0054edbedd36d0a3c0/5f160e00c11eb9cf4c597c31_bg-apps-p-500.jpeg   500w,
                    ../../../../https@uploads-ssl.webflow.com/5f160e0054edbedd36d0a3c0/5f160e00c11eb9cf4c597c31_bg-apps-p-1080.jpeg 1080w,
                    ../../../../https@uploads-ssl.webflow.com/5f160e0054edbedd36d0a3c0/5f160e00c11eb9cf4c597c31_bg-apps-p-2000.jpeg 2000w,
                    ../../../../https@uploads-ssl.webflow.com/5f160e0054edbedd36d0a3c0/5f160e00c11eb9cf4c597c31_bg-apps.jpg         2500w
                "
                sizes="(max-width: 2500px) 100vw, 2500px"
                alt=""
            />
        </div>
        <div id="download" class="section wide purple">
            <div
                data-w-id="376e2a1f-ec70-0dab-11ea-b1863101e37b"
                style="transform: translate3d(0px, 0px, 0px) scale3d(1, 1, 1) rotateX(0deg) rotateY(0deg) rotateZ(0deg) skew(0deg, 0deg); opacity: 1; transform-style: preserve-3d;"
                class="wrap"
            >
                <h2>Ready to get started?</h2>
                <div class="button-wrap"><a href="#" onclick="document.location.hash='';return false;" class="button w-button">Download Now</a><a href="#" onclick="document.location.hash='';return false;" class="button contact w-button">Get in Touch</a></div>
            </div>
        </div>
        <div class="section wide">
            <div
                data-w-id="8cf47482-19f1-1f52-25ba-910a60bc91de"
                style="transform: translate3d(0px, 0px, 0px) scale3d(1, 1, 1) rotateX(0deg) rotateY(0deg) rotateZ(0deg) skew(0deg, 0deg); opacity: 1; transform-style: preserve-3d;"
                class="wrap"
            >
                <h2>Get updates from Richard</h2>
                <p>New course alerts, discounts and free lessons</p>
                <div class="form-block w-form">
                    <form id="email-form" name="email-form" data-name="Email Form" class="form-2">
                        <input type="text" class="input w-input" maxlength="256" name="email-2" data-name="Email 2" placeholder="Enter your email" id="email-2" required="" />
                        <input type="submit" value="Subscribe" data-wait="Please wait..." class="button form-button w-button" />
                    </form>
                    <div class="w-form-done"><div>Thank you! Your submission has been received!</div></div>
                    <div class="w-form-fail"><div>Oops! Something went wrong while submitting the form.</div></div>
                </div>
            </div>
            <div class="wrapper"></div>
        </div>
        <div class="footer">
            <div class="wrap">
                <img src="../../richard/index_files/5f160e00c11eb94754597c46_icon-footer.png" width="136" alt="" />
                <div class="footer-list">
                    <a href="#" onclick="document.location.hash='';return false;" class="footer-link">Email</a><a href="#" onclick="document.location.hash='';return false;" class="footer-link">Instagram</a><a href="#" onclick="document.location.hash='';return false;" class="footer-link">Facebook</a><a href="#" onclick="document.location.hash='';return false;" class="footer-link">Twitter</a>
                    <a href="../../../../https@webflow-1-fc52cb.webflow.io/image-license-info" class="footer-link">Image License Info</a><a href="../../../../webflow.com/default.htm" class="footer-link">Powered by Webflow</a>
                </div>
            </div>
        </div>
        <script src="../../richard/index_files/jquery-3.4.1.min.220afd743d.js" type="text/javascript" integrity="sha256-CSXorXvZcTkaix6Yvo6HppcZGetbYMGWSFlBw8HfCJo=" crossorigin="anonymous"></script>
        <script src="../../richard/index_files/webflow.27c52301c.js" type="text/javascript"></script>
        <!--[if lte IE 9]><script src="../../../../https@cdnjs.cloudflare.com/ajax/libs/placeholders/3.0.2/placeholders.min.js"></script><![endif]-->
        <a class="w-webflow-badge" href="../../../../https@webflow.com/@utm_campaign=brandjs">
            <img src="../../richard/index_files/webflow-badge-icon.f67cd735e3.svg" alt="" style="margin-right: 8px; width: 16px;" /><img src="../../richard/index_files/webflow-badge-text.6faa6a38cd.svg" alt="Made in Webflow" />
        </a>
    </body>
</html>
